momento1,momento2,momento3,momento4,momento5,momento6,momento7,poligono
0.160387,6.7889e-07,1.02737e-07,2.28156e-10,7.02553e-19,1.59246e-13,8.52403e-19,Hexagon
0.160402,1.00973e-06,7.07973e-07,1.23397e-09,7.66108e-18,-1.23785e-12,-3.56589e-17,Hexagon
